{
  "loss": 22907.10802386902,
  "violations": 3599,
  "base_S": 0.0,
  "base_M": 1.288798126921987,
  "base_H": 2.230242290510759,
  "deg_S": 0.28932164604769256,
  "deg_M": 0.11319510134007353,
  "deg_H": 0.04675074851855996,
  "temp_S": 0.0014809653875818654,
  "temp_M": 0.0007285830032904396,
  "temp_H": 0.000379987873841571
}