{
  "18": [
    -1.0013646724413845,
    0.8009804146810761,
    0.015875777605095263,
    0.008021960475378951,
    0.004047944087790387
  ],
  "19": [
    -1.00383145396041,
    0.8034933234497678,
    0.01589589285570265,
    0.008028778863960815,
    0.0040298074893196905
  ],
  "20": [
    -1.0059473219878154,
    0.7995645458862864,
    0.015863606979671898,
    0.0080004557073494,
    0.004045892809947951
  ],
  "21": [
    -1.0018578766709225,
    0.8005910340834416,
    0.015821652174660677,
    0.007992730907841363,
    0.00401884140042812
  ],
  "22": [
    -1.002707398174327,
    0.8012220362662452,
    0.015839681098469647,
    0.008000986071629487,
    0.0040356707372648975
  ],
  "23": [
    -1.0013091120758217,
    0.8001654534809745,
    0.015830085653774195,
    0.007996769113891758,
    0.0040368135573442265
  ],
  "24": [
    -1.00676803059406,
    0.7930070211695794,
    0.01581410793189545,
    0.007988751813290926,
    0.004042338618254431
  ],
  "26": [
    -1.0045373929585748,
    0.8000384764376867,
    0.01984325879557039,
    0.010002802586116794,
    0.005058713033935001
  ],
  "28": [
    -1.017433756604182,
    0.8139470052833456,
    0.020199829559509674,
    0.010171509534546276,
    0.005132572307277596
  ],
  "29": [
    -1.0345267253790709,
    0.8276213803032567,
    0.020456144203312293,
    0.010337533822059812,
    0.005186865034510079
  ],
  "30": [
    -1.0052347466447542,
    0.8041877973158034,
    0.019893866485200546,
    0.01005180966954438,
    0.005062333256484372
  ],
  "31": [
    -1.0060242745576278,
    0.8048194196461023,
    0.01990504175645216,
    0.010055813353480996,
    0.005085616557983207
  ],
  "32": [
    -1.004352717474931,
    0.8034821739799449,
    0.019868980176826683,
    0.010009313940311276,
    0.005053341459562678
  ],
  "33": [
    -1.0024529359841357,
    0.8019623487873085,
    0.01982358213441582,
    0.010025750459440309,
    0.005049905262244951
  ],
  "34": [
    -1.0290918290665076,
    0.823273463253206,
    0.020315672286275687,
    0.010278681764754655,
    0.005155102189831462
  ],
  "36": [
    -1.0039583122217082,
    0.8010394875339205,
    0.025855192407734515,
    0.013062834771644117,
    0.00659288425454215
  ],
  "37": [
    -1.00194420929024,
    0.8042207189054412,
    0.025797641033104543,
    0.013042599961164122,
    0.006568765590099012
  ],
  "39": [
    -1.0017074141484303,
    0.799813040192199,
    0.025701884665061816,
    0.012999229298330642,
    0.006560920436613386
  ],
  "40": [
    -1.005890404036749,
    0.8011613978299422,
    0.025815895245553288,
    0.013052280617306273,
    0.006583153563417495
  ],
  "41": [
    -1.0050857231694614,
    0.8089292978662893,
    0.025801963667462475,
    0.01302758356909409,
    0.0065511148114323625
  ],
  "42": [
    -1.0110486180239342,
    0.7997091952915005,
    0.02577090406033919,
    0.013035600813719683,
    0.006577794966191735
  ]
}