{
  "19": {
    "max_D_S": [
      -1.0013447213970548,
      0.7994474390764446,
      0.015821674737213538,
      0.007997284651552222,
      0.004039258090283018
    ],
    "min_D_S": [
      -1.0011476316372976,
      0.7995803622530829,
      0.01581945660904443,
      0.007997170620695108,
      0.004038907707536657
    ],
    "max_D_H": [
      -1.0012673585477525,
      0.7994424269727894,
      0.015820633517087616,
      0.007997673857253286,
      0.0040393982914549474
    ],
    "max_all_deg": [
      -1.0012529741338927,
      0.7995916019806646,
      0.015821313331394273,
      0.007998056330226171,
      0.004039228329339808
    ],
    "min_all_deg": [
      -1.0011598941219488,
      0.7995836948886474,
      0.015819468566227266,
      0.007997172282017904,
      0.004038860035401992
    ]
  },
  "21": {
    "max_D_S": [
      -0.9999999999999052,
      0.8000000000000872,
      0.015822370049743295,
      0.008003760161575906,
      0.004041206798932241
    ],
    "min_D_S": [
      -0.9999194045367651,
      0.8000575681880442,
      0.015805973932614945,
      0.007995761211628257,
      0.0040352330135503215
    ],
    "max_D_H": [
      -0.9999999999999052,
      0.8000000000000872,
      0.015822370049743295,
      0.008003760161575906,
      0.004041206798932241
    ],
    "max_all_deg": [
      -0.9999999999999052,
      0.8000000000000872,
      0.015822370049743295,
      0.008003760161575906,
      0.004041206798932241
    ],
    "min_all_deg": [
      -0.9999194045367651,
      0.8000575681880442,
      0.015805973932614945,
      0.007995761211628257,
      0.0040345889623161265
    ]
  },
  "28": {
    "max_D_S": [
      -1.0009193096802522,
      0.8007354477442018,
      0.01980350600465389,
      0.010006960558214898,
      0.005055602932959343
    ],
    "min_D_S": [
      -1.0003136852810215,
      0.8002509482248172,
      0.019786532788816005,
      0.010001059544260883,
      0.005056561863088578
    ],
    "max_D_H": [
      -1.0008222314611714,
      0.8006577851689372,
      0.01979997593752096,
      0.010007961410541895,
      0.005060064098803653
    ],
    "max_all_deg": [
      -1.0009059982031037,
      0.800724798562483,
      0.01980340978298727,
      0.010006913117570373,
      0.005059040236770988
    ],
    "min_all_deg": [
      -1.0003136852810215,
      0.8002509482248172,
      0.019786532788816005,
      0.010001059544260883,
      0.005056561863088578
    ]
  },
  "31": {
    "max_D_S": [
      -0.9998005090289537,
      0.799840407223163,
      0.019776539272067854,
      0.009994273102574246,
      0.005052179666953356
    ],
    "min_D_S": [
      -0.998654385336193,
      0.7989235082689544,
      0.019741256594190976,
      0.009983297009707707,
      0.00504174163797261
    ],
    "max_D_H": [
      -0.999703515904544,
      0.7997628127236351,
      0.019771652566090706,
      0.009993674550242714,
      0.005052212338976016
    ],
    "max_all_deg": [
      -0.9998005090289537,
      0.799840407223163,
      0.019776539272067854,
      0.009994273102574246,
      0.005052179666953356
    ],
    "min_all_deg": [
      -0.998654385336193,
      0.7989235082689544,
      0.019741256594190976,
      0.009983297009707707,
      0.00504174163797261
    ]
  }
}